<?xml version="1.0"?>
<Runs Version="1" Minor="0">
	<Run Id="design_1_proc_sys_reset_0_0_synth_1" LaunchDir="D:/github_project/zyqn/zyqn/ov5640_project_2/ov5640_project_2.runs/design_1_proc_sys_reset_0_0_synth_1" FlowId="Vivado_Synthesis" FromStepId="vivado" ToStepId="vivado"/>
	<Run Id="design_1_uiFDMA_0_1_synth_1" LaunchDir="D:/github_project/zyqn/zyqn/ov5640_project_2/ov5640_project_2.runs/design_1_uiFDMA_0_1_synth_1" FlowId="Vivado_Synthesis" FromStepId="vivado" ToStepId="vivado"/>
	<Run Id="design_1_processing_system7_0_0_synth_1" LaunchDir="D:/github_project/zyqn/zyqn/ov5640_project_2/ov5640_project_2.runs/design_1_processing_system7_0_0_synth_1" FlowId="Vivado_Synthesis" FromStepId="vivado" ToStepId="vivado"/>
	<Run Id="clk_wiz_0_synth_1" LaunchDir="D:/github_project/zyqn/zyqn/ov5640_project_2/ov5640_project_2.runs/clk_wiz_0_synth_1" FlowId="Vivado_Synthesis" FromStepId="vivado" ToStepId="vivado"/>
	<Run Id="w_fifo_synth_1" LaunchDir="D:/github_project/zyqn/zyqn/ov5640_project_2/ov5640_project_2.runs/w_fifo_synth_1" FlowId="Vivado_Synthesis" FromStepId="vivado" ToStepId="vivado"/>
	<Run Id="r_fifo_synth_1" LaunchDir="D:/github_project/zyqn/zyqn/ov5640_project_2/ov5640_project_2.runs/r_fifo_synth_1" FlowId="Vivado_Synthesis" FromStepId="vivado" ToStepId="vivado"/>
	<Run Id="resize_fifo_synth_1" LaunchDir="D:/github_project/zyqn/zyqn/ov5640_project_2/ov5640_project_2.runs/resize_fifo_synth_1" FlowId="Vivado_Synthesis" FromStepId="vivado" ToStepId="vivado"/>
	<Run Id="design_1_s00_data_fifo_0_synth_1" LaunchDir="D:/github_project/zyqn/zyqn/ov5640_project_2/ov5640_project_2.runs/design_1_s00_data_fifo_0_synth_1" FlowId="Vivado_Synthesis" FromStepId="vivado" ToStepId="vivado"/>
	<Run Id="synth_2" LaunchDir="D:/github_project/zyqn/zyqn/ov5640_project_2/ov5640_project_2.runs/synth_2" FlowId="Vivado_Synthesis" FromStepId="vivado" ToStepId="vivado">
		<Parent Id="design_1_proc_sys_reset_0_0_synth_1"/>
		<Parent Id="design_1_uiFDMA_0_1_synth_1"/>
		<Parent Id="design_1_processing_system7_0_0_synth_1"/>
		<Parent Id="clk_wiz_0_synth_1"/>
		<Parent Id="w_fifo_synth_1"/>
		<Parent Id="r_fifo_synth_1"/>
		<Parent Id="resize_fifo_synth_1"/>
		<Parent Id="design_1_s00_data_fifo_0_synth_1"/>
	</Run>
	<Run Id="impl_2" LaunchDir="D:/github_project/zyqn/zyqn/ov5640_project_2/ov5640_project_2.runs/impl_2" FlowId="Vivado_Implementation" FromStepId="init_design" ToStepId="write_bitstream">
		<Parent Id="synth_2"/>
		<Parent Id="design_1_proc_sys_reset_0_0_synth_1"/>
		<Parent Id="design_1_uiFDMA_0_1_synth_1"/>
		<Parent Id="design_1_processing_system7_0_0_synth_1"/>
		<Parent Id="clk_wiz_0_synth_1"/>
		<Parent Id="w_fifo_synth_1"/>
		<Parent Id="r_fifo_synth_1"/>
		<Parent Id="resize_fifo_synth_1"/>
		<Parent Id="design_1_s00_data_fifo_0_synth_1"/>
	</Run>
	<Parameters>
		<Parameter Name="runs.monitorLSFJobs" Val="true" Type="bool"/>
		<Parameter Name="runs.enableClusterConf" Val="true" Type="bool"/>
	</Parameters>
</Runs>

