<?xml version="1.0" encoding="UTF-8"?>
<GenRun Id="resize_fifo_synth_1" LaunchPart="xc7z010clg400-1" LaunchTime="1735130650">
  <File Type="PA-TCL" Name="resize_fifo.tcl"/>
  <File Type="REPORTS-TCL" Name="resize_fifo_reports.tcl"/>
  <File Type="RDS-RDS" Name="resize_fifo.vds"/>
  <File Type="RDS-UTIL" Name="resize_fifo_utilization_synth.rpt"/>
  <File Type="RDS-UTIL-PB" Name="resize_fifo_utilization_synth.pb"/>
  <File Type="RDS-DCP" Name="resize_fifo.dcp"/>
  <FileSet Name="sources" Type="BlockSrcs" RelSrcDir="$PSRCDIR/resize_fifo">
    <File Path="$PPRDIR/../V08_Zynq7020_OV5640_Resize_HDMI/helai_ip/helai_video_scale/resize_fifo/resize_fifo.xci">
      <FileInfo>
        <Attr Name="UsedIn" Val="synthesis"/>
        <Attr Name="UsedIn" Val="implementation"/>
        <Attr Name="UsedIn" Val="simulation"/>
      </FileInfo>
    </File>
    <Config>
      <Option Name="TopModule" Val="resize_fifo"/>
      <Option Name="UseBlackboxStub" Val="1"/>
    </Config>
  </FileSet>
  <FileSet Name="constrs_in" Type="BlockSrcs" RelSrcDir="$PSRCDIR/resize_fifo">
    <File Path="$PPRDIR/../V08_Zynq7020_OV5640_Resize_HDMI/helai_ip/helai_video_scale/resize_fifo/resize_fifo.xci">
      <FileInfo>
        <Attr Name="UsedIn" Val="synthesis"/>
        <Attr Name="UsedIn" Val="implementation"/>
        <Attr Name="UsedIn" Val="simulation"/>
      </FileInfo>
    </File>
    <Config>
      <Option Name="TopModule" Val="resize_fifo"/>
      <Option Name="UseBlackboxStub" Val="1"/>
    </Config>
  </FileSet>
  <FileSet Name="utils" Type="Utils" RelSrcDir="$PSRCDIR/utils_1">
    <Filter Type="Utils"/>
    <Config>
      <Option Name="TopAutoSet" Val="TRUE"/>
    </Config>
  </FileSet>
  <Strategy Version="1" Minor="2">
    <StratHandle Name="Vivado Synthesis Defaults" Flow="Vivado Synthesis 2020"/>
    <Step Id="synth_design"/>
  </Strategy>
</GenRun>
